Top queries,Clicks,Impressions,CTR,Position
safe court,1,2,50%,8
texas sapcr,0,18,0%,80.39
sapcr petition,0,11,0%,66.18
sapcr form,0,11,0%,74.73
sapcr form texas,0,8,0%,61.12
sapcr texas,0,8,0%,75.75
sapcr,0,7,0%,81.57
sapcr order,0,7,0%,99.14
sapcr meaning,0,6,0%,84.67
how to file a sapcr in texas,0,5,0%,81.8
sapcr lawyer,0,3,0%,46.67
petition in suit affecting the parent-child relationship,0,3,0%,72
sapcr attorney,0,2,0%,55.5
sapcr texas form,0,1,0%,56
what is a sapcr in texas,0,1,0%,68
what is sapcr,0,1,0%,78
who can file a sapcr in texas,0,1,0%,78
what is a sapcr,0,1,0%,80